160|Abades Martínez|Cristina|2|PP|GP Popular en el Congreso|Lugo|08/08/2023
317|Abascal Conde|Santiago|1|VOX|GP VOX|Madrid|16/08/2023
69|Acedo Reyes|Sofía|2|PP|GP Popular en el Congreso|Melilla|03/08/2023
64|Aceves Galindo|José Luis|1|PSOE|GP Socialista|Segovia|03/08/2023
139|Adrio Taracido|María|2|PsdeG-PSOE|GP Socialista|Pontevedra|07/08/2023
305|Agirretxea Urresti|Joseba Andoni|1|EAJ-PNV|GP Vasco (EAJ-PNV)|Gipuzkoa|16/08/2023
136|Agüera Gago|Cristina|2|PP|GP Popular en el Congreso|Barcelona|07/08/2023
371|Aguirre Gil de Biedma|Rocío|2|VOX|GP VOX|Madrid|16/01/2024
52|Aizcorbe Torra|Juan José|1|VOX|GP VOX|Barcelona|02/08/2023
300|Aizpurua Arzallus|Mertxe|2|EH Bildu|GP Euskal Herria Bildu|Gipuzkoa|14/08/2023
4|Alcaraz Martos|Francisco José|1|VOX|GP VOX|Jaén|01/08/2023
252|Alfonso Cendón|Javier|1|PSOE|GP Socialista|León|10/08/2023
254|Alfonso Silvestre|Alma|2|PP|GP Popular en el Congreso|Valencia/València|10/08/2023
183|Alía Aguado|María Pilar|2|PP|GP Popular en el Congreso|Toledo|09/08/2023
387|Almirón Ruiz|Oriol|1|PSC-PSOE|GP Socialista|Barcelona|10/09/2024
367|Almodóvar Sánchez|Emilia|2|PSOE|GP Socialista|Cáceres|19/12/2023
269|Alonso Cantorné|Fèlix|1|SUMAR|GP Plurinacional SUMAR|Tarragona|14/08/2023
334|Alós López|Ana Isabel|2|PP|GP Popular en el Congreso|Huesca|16/08/2023
315|Álvarez de Toledo Peralta-Ramos|Cayetana|2|PP|GP Popular en el Congreso|Madrid|16/08/2023
143|Álvarez Fanjul|Beatriz|2|PP|GP Popular en el Congreso|Bizkaia|07/08/2023
134|Álvarez González|Alicia|2|PSOE|GP Socialista|S/C Tenerife|07/08/2023
222|Álvaro Vidal|Francesc-Marc|1|ERC|GP Republicano|Barcelona|10/08/2023
338|Andala Ubbi|Teslem|2|SUMAR|GP Plurinacional SUMAR|Madrid|16/08/2023
106|Andrés Añón|Carmen|2|PSC-PSOE|GP Socialista|Barcelona|04/08/2023
403|Antuñano Colina|Pablo|1|PSOE|GP Socialista|Cantabria|01/08/2025
259|Aragonés Mendiguchía|Carlos|1|PP|GP Popular en el Congreso|Madrid|11/08/2023
21|Aranda Vargas|Francisco|1|PSC-PSOE|GP Socialista|Barcelona|02/08/2023
103|Argota Castro|Trinidad Carmen|2|PSOE|GP Socialista|Sevilla|04/08/2023
163|Argüelles García|Silverio|1|PP|GP Popular en el Congreso|Asturias|08/08/2023
249|Armario González|Blanca|2|VOX|GP VOX|Cádiz|10/08/2023
185|Armengol Socias|Francina|2|PSIB-PSOE|GP Socialista|Balears (Illes)|09/08/2023
96|Arribas Maroto|Manuel|1|PSOE|GP Socialista|Ávila|03/08/2023
316|Asarta Cuevas|Alberto|1|VOX|GP VOX|Castellón/Castelló|16/08/2023
406|Aznar Teruel|Evarist|1|PP|GP Popular en el Congreso|Valencia/València|15/01/2026
273|Azorín Salar|Lázaro|1|PSOE|GP Socialista|Alicante/Alacant|14/08/2023
329|Badia Casas|Eloi|1|SUMAR|GP Plurinacional SUMAR|Barcelona|16/08/2023
378|Barrio Baroja|Carmelo|1|PP|GP Popular en el Congreso|Araba/Álava|19/03/2024
382|Bayón Rolo|Juan Andrés|1|PP|GP Popular en el Congreso|Pontevedra|11/06/2024
297|Beamonte Mesa|Luis María|1|PP|GP Popular en el Congreso|Zaragoza|14/08/2023
262|Belarra Urteaga|Ione|2|SUMAR|GP Mixto|Madrid|11/08/2023
208|Belda Pérez-Pedrero|Enrique|1|PP|GP Popular en el Congreso|Ciudad Real|09/08/2023
175|Belmonte Gómez|Rafael Benigno|1|PP|GP Popular en el Congreso|Sevilla|08/08/2023
209|Bendodo Benasayag|Elías|1|PP|GP Popular en el Congreso|Málaga|09/08/2023
118|Bermúdez de Castro Fernández|José Antonio|1|PP|GP Popular en el Congreso|Salamanca|04/08/2023
400|Blanco Arrúe|Gabriel|1|PSE-EE (PSOE)|GP Socialista|Bizkaia|10/06/2025
170|Blanquer Alcaraz|Patricia|2|PSOE|GP Socialista|Alicante/Alacant|08/08/2023
332|Boada Danés|Júlia|2|SUMAR|GP Plurinacional SUMAR|Girona|16/08/2023
253|Bolaños García|Félix|1|PSOE|GP Socialista|Madrid|10/08/2023
411|Bondía Pinós|María Elena|2|PP|GP Popular en el Congreso|Zaragoza|01/09/2026
145|Borrego Cortés|Isabel María|2|PP|GP Popular en el Congreso|Murcia|08/08/2023
9|Bravo Baena|Juan|1|PP|GP Popular en el Congreso|Sevilla|01/08/2023
2|Cabezón Casas|Tomás|1|PP|GP Popular en el Congreso|Soria|31/07/2023
401|Cacho Isla|Iván|1|PSN-PSOE|GP Socialista|Navarra|18/06/2025
243|Calvo Gómez|Pilar|2|JxCAT-JUNTS|GP Junts per Catalunya|Barcelona|10/08/2023
364|Camino Miñana|Víctor|1|PSOE|GP Socialista|Valencia/València|12/12/2023
207|Campos Asensi|Jorge|1|VOX|GP VOX|Balears (Illes)|09/08/2023
388|Canelo Matito|Andrea|2|PSC-PSOE|GP Socialista|Barcelona|10/09/2024
234|Cantalapiedra Álvarez|María de las Mercedes|2|PP|GP Popular en el Congreso|Valladolid|10/08/2023
282|Carazo Hermoso|Eduardo|1|PP|GP Popular en el Congreso|Valladolid|14/08/2023
341|Carballedo Berlanga|María Eugenia|2|PP|GP Popular en el Congreso|Madrid|16/08/2023
15|Castilla Álvarez|María Carmen|2|PSOE|GP Socialista|Sevilla|02/08/2023
149|Catalán Higueras|Alberto|1|UPN|GP Mixto|Navarra|08/08/2023
299|Cavacasillas Rodríguez|Antonio|1|PP|GP Popular en el Congreso|Badajoz|14/08/2023
162|Celaya Brey|Javier|1|PP|GP Popular en el Congreso|Ceuta|08/08/2023
111|Cercas Mena|Blanca|2|PSC-PSOE|GP Socialista|Girona|04/08/2023
242|Cervera Pinart|Josep Maria|1|JxCAT-JUNTS|GP Junts per Catalunya|Girona|10/08/2023
294|Chamorro Delmo|Ricardo|1|VOX|GP VOX|Ciudad Real|14/08/2023
109|Clavell López|Óscar|1|PP|GP Popular en el Congreso|Castellón/Castelló|04/08/2023
276|Clemente Muñoz|Raquel|2|PP|GP Popular en el Congreso|Teruel|14/08/2023
75|Cobo Carmona|Ana|2|PSOE|GP Socialista|Jaén|03/08/2023
321|Cobo Pérez|Noelia|2|PSOE|GP Socialista|Cantabria|16/08/2023
324|Cobo Vega|Manuel|1|PP|GP Popular en el Congreso|Madrid|16/08/2023
122|Cofiño Fernández|Rafael|1|SUMAR|GP Plurinacional SUMAR|Asturias|07/08/2023
7|Conde Bajén|Agustín|1|PP|GP Popular en el Congreso|Toledo|01/08/2023
349|Conde López|Francisco José|1|PP|GP Popular en el Congreso|Lugo|16/08/2023
352|Conesa Coma|Ignasi|1|PSC-PSOE|GP Socialista|Barcelona|19/09/2023
85|Cortés Carballo|Mario|1|PP|GP Popular en el Congreso|Málaga|03/08/2023
187|Corujo Berriel|María Dolores|2|PSOE|GP Socialista|Palmas (Las)|09/08/2023
154|Crespín Rubio|Rafaela|2|PSOE|GP Socialista|Córdoba|08/08/2023
244|Cruset Domènech|Josep Maria|1|JxCAT-JUNTS|GP Junts per Catalunya|Tarragona|10/08/2023
168|Cruz Santana|Gabriel|1|PSOE|GP Socialista|Huelva|08/08/2023
319|Cruz-Guzmán García|María Soledad|2|PP|GP Popular en el Congreso|Sevilla|16/08/2023
44|Cuesta Rodríguez|María|2|PP|GP Popular en el Congreso|Segovia|02/08/2023
395|Cuevas Larrosa|Raúl|1|PP|GP Popular en el Congreso|Zaragoza|17/12/2024
376|De la Rosa Baena|Olvido|2|PSOE|GP Socialista|Granada|20/02/2024
107|De las Cuevas Cortés|Félix|1|PP|GP Popular en el Congreso|Cantabria|04/08/2023
270|De los Santos González|Jaime Miguel|1|PP|GP Popular en el Congreso|Madrid|14/08/2023
174|De Luna Tobarra|Llanos|2|PP|GP Popular en el Congreso|Barcelona|08/08/2023
284|De Meer Méndez|Rocío|2|VOX|GP VOX|Almería|14/08/2023
248|De Rosa Torner|Fernando|1|PP|GP Popular en el Congreso|Valencia/València|10/08/2023
124|Del Valle Rodríguez|Emilio Jesús|1|VOX|GP VOX|Cantabria|07/08/2023
32|Delgado Arce|Celso Luis|1|PP|GP Popular en el Congreso|Ourense|02/08/2023
235|Delgado-Taramona Hernández|Jimena|2|PP|GP Popular en el Congreso|Palmas (Las)|10/08/2023
50|Díaz Marín|Raúl|1|PSOE|GP Socialista|Rioja (La)|02/08/2023
342|Díaz Pérez|Yolanda|2|SUMAR|GP Plurinacional SUMAR|Madrid|16/08/2023
142|Diouf Dioh|Luc Andre|1|PSOE|GP Socialista|Palmas (Las)|07/08/2023
392|Estrems Fayos|Etna|2|ERC|GP Republicano|Girona|08/10/2024
108|Fabra Part|Alberto|1|PP|GP Popular en el Congreso|Castellón/Castelló|04/08/2023
29|Fagúndez Campo|Antidio|1|PSOE|GP Socialista|Zamora|02/08/2023
167|Faneca López|María Luisa|2|PSOE|GP Socialista|Huelva|08/08/2023
31|Fernández Benéitez|Andrea|2|PSOE|GP Socialista|León|02/08/2023
82|Fernández González|María Mercedes|2|PP|GP Popular en el Congreso|Asturias|03/08/2023
14|Fernández Hernández|Pedro|1|VOX|GP VOX|Zaragoza|02/08/2023
214|Fernández Ríos|Tomás|1|VOX|GP VOX|Huelva|09/08/2023
193|Figaredo Álvarez-Sala|José María|1|VOX|GP VOX|Asturias|09/08/2023
159|Flores Juberías|Carlos|1|VOX|GP VOX|Valencia/València|08/08/2023
55|Floriano Corrales|Carlos Javier|1|PP|GP Popular en el Congreso|Cáceres|03/08/2023
115|Folch Blanc|Javier José|1|PP|GP Popular en el Congreso|Huesca|04/08/2023
30|Franco González|Silvia|2|PP|GP Popular en el Congreso|León|02/08/2023
291|Fullaondo la Cruz|Marije|2|EH Bildu|GP Euskal Herria Bildu|Bizkaia|14/08/2023
65|Fúnez de Gregorio|Carmen|2|PP|GP Popular en el Congreso|Ciudad Real|03/08/2023
74|Gallardo Barrena|Pedro Ignacio|1|PP|GP Popular en el Congreso|Cádiz|03/08/2023
314|Gamarra Ruiz-Clavijo|Concepción|2|PP|GP Popular en el Congreso|Rioja (La)|16/08/2023
266|García Adanero|Carlos|1|PP|GP Popular en el Congreso|Madrid|11/08/2023
380|García Chavarría|María Montserrat|2|PsdeG-PSOE|GP Socialista|Coruña (A)|23/04/2024
25|García Félix|Manuel|1|PP|GP Popular en el Congreso|Huelva|02/08/2023
104|García Gomis|David|1|VOX|GP VOX|Alicante/Alacant|04/08/2023
113|García Gurrutxaga|María Luisa|2|PSE-EE (PSOE)|GP Socialista|Gipuzkoa|04/08/2023
49|García López|Maribel|2|PSOE|GP Socialista|Badajoz|02/08/2023
195|García Morís|Roberto|1|PSOE|GP Socialista|Asturias|09/08/2023
84|Garre Murcia|Cristóbal|1|PP|GP Popular en el Congreso|Málaga|03/08/2023
116|Garrido Jiménez|Elisa|2|PSOE|GP Socialista|Rioja (La)|04/08/2023
42|Garrido Valenzuela|Irene|2|PP|GP Popular en el Congreso|Pontevedra|02/08/2023
239|Gavin i Valls|Isidre|1|JxCAT-JUNTS|GP Junts per Catalunya|Lleida|10/08/2023
86|Gil de Reboleño Lastortres|Esther|2|SUMAR|GP Plurinacional SUMAR|Cádiz|03/08/2023
117|Gil Lázaro|Ignacio|1|VOX|GP VOX|Valencia/València|04/08/2023
396|Gómez Piña|Luis Antonio|1|PsdeG-PSOE|GP Socialista|Pontevedra|11/02/2025
228|González Gracia|Juan Antonio|1|PSOE|GP Socialista|Badajoz|10/08/2023
407|González Herdaro|Ana|2|PSOE|GP Socialista|Valencia/València|05/02/2026
166|González López|Nahuel|1|SUMAR|GP Plurinacional SUMAR|Valencia/València|08/08/2023
200|González Vázquez|Marta|2|PP|GP Popular en el Congreso|Coruña (A)|09/08/2023
121|González-Robatto Perote|Jacobo|1|VOX|GP VOX|Granada|04/08/2023
370|Gracia Blanco|Marta|2|PSOE|GP Socialista|Zaragoza|16/01/2024
221|Granollers Cunillera|Inés|2|ERC|GP Republicano|Lleida|10/08/2023
351|Guardiola Salmerón|Mirian|2|PP|GP Popular en el Congreso|Murcia|18/09/2023
92|Guijarro García|Txema|1|SUMAR|GP Plurinacional SUMAR|Alicante/Alacant|03/08/2023
272|Guinart Moreno|Lídia|2|PSC-PSOE|GP Socialista|Barcelona|14/08/2023
232|Gutiérrez Prieto|Sergio|1|PSOE|GP Socialista|Toledo|10/08/2023
357|Gutiérrez Santiago|Víctor|1|PSOE|GP Socialista|Madrid|05/12/2023
345|Hernández Quero|Carlos|1|VOX|GP VOX|Málaga|16/08/2023
202|Hernando Fraile|Rafael Antonio|1|PP|GP Popular en el Congreso|Almería|09/08/2023
186|Herrera García|Milena|2|PSIB-PSOE|GP Socialista|Balears (Illes)|09/08/2023
277|Herrero Bono|José Alberto|1|PP|GP Popular en el Congreso|Teruel|14/08/2023
350|Hispán Iglesias de Ussel|Pablo|1|PP|GP Popular en el Congreso|Granada|16/08/2023
381|Hita Téllez|Guillermo|1|PSOE|GP Socialista|Madrid|11/06/2024
194|Hoces Íñiguez|Ignacio|1|VOX|GP VOX|Badajoz|09/08/2023
67|Hoyo Juliá|Belén|2|PP|GP Popular en el Congreso|Valencia/València|03/08/2023
180|Ibáñez Hernando|Ángel|1|PP|GP Popular en el Congreso|Burgos|08/08/2023
165|Ibáñez Mezquita|Alberto|1|SUMAR|GP Plurinacional SUMAR|Valencia/València|08/08/2023
137|Iniesta Egido|Isabel|2|PSOE|GP Socialista|Albacete|07/08/2023
290|Iñarritu García|Jon|1|EH Bildu|GP Euskal Herria Bildu|Gipuzkoa|14/08/2023
18|Jerez Antequera|Juan Carlos|1|PSC-PSOE|GP Socialista|Barcelona|02/08/2023
41|Jiménez Linuesa|Beatriz|2|PP|GP Popular en el Congreso|Cuenca|02/08/2023
405|Jódar Pérez|Irene|2|PSOE|GP Socialista|Murcia|09/09/2025
224|Jordà i Roura|Teresa|2|ERC|GP Republicano|Barcelona|10/08/2023
375|Lago Peñas|Manuel|1|SUMAR|GP Plurinacional SUMAR|Coruña (A)|06/02/2024
110|Lamuà Estañol|Marc|1|PSC-PSOE|GP Socialista|Girona|04/08/2023
191|Leal Fernández|Isaura|2|PSOE|GP Socialista|Madrid|09/08/2023
306|Legarda Uriarte|Mikel|1|EAJ-PNV|GP Vasco (EAJ-PNV)|Araba/Álava|16/08/2023
155|Lima García|Laura María|2|PP|GP Popular en el Congreso|S/C Tenerife|08/08/2023
340|Llamazares Domingo|Esther|2|PP|GP Popular en el Congreso|Asturias|16/08/2023
120|López Álvarez|Patxi|1|PSE-EE (PSOE)|GP Socialista|Bizkaia|04/08/2023
264|López Cano|Ignacio|1|PSOE|GP Socialista|Málaga|11/08/2023
73|López Maraver|Ángel|1|VOX|GP VOX|Guadalajara|03/08/2023
372|López Tagliafico|Candela|2|SUMAR|GP Plurinacional SUMAR|Barcelona|30/01/2024
365|López Zamora|Cristina|2|PSOE|GP Socialista|Ciudad Real|12/12/2023
48|Lorente Anaya|Macarena|2|PP|GP Popular en el Congreso|Cádiz|02/08/2023
354|Lorenzo Cazorla|Juan Antonio|1|PSOE|GP Socialista|Almería|28/11/2023
353|Losada Fernández|José|1|PSOE|GP Socialista|Sevilla|28/11/2023
298|Macías Gata|Alfonso Carlos|1|PP|GP Popular en el Congreso|Badajoz|14/08/2023
245|Madrenas i Mir|Marta|2|JxCAT-JUNTS|GP Junts per Catalunya|Girona|10/08/2023
260|Madrid Olmo|Bartolomé|1|PP|GP Popular en el Congreso|Córdoba|11/08/2023
105|Maldonado López|Adriana|2|PSN-PSOE|GP Socialista|Navarra|04/08/2023
320|Marcos Ortega|Milagros|2|PP|GP Popular en el Congreso|Palencia|16/08/2023
188|Marí Bosó|José Vicente|1|PP|GP Popular en el Congreso|Balears (Illes)|09/08/2023
409|Marín Aparicio|Inmaculada|2|PP|GP Popular en el Congreso|Cádiz|09/06/2026
255|Mariscal Anaya|Guillermo|1|PP|GP Popular en el Congreso|Palmas (Las)|10/08/2023
263|Mariscal Zabala|Manuel|1|VOX|GP VOX|Toledo|11/08/2023
79|Marqués Atés|Amador|1|PSC-PSOE|GP Socialista|Lleida|03/08/2023
173|Martín Blanco|Nacho|1|PP|GP Popular en el Congreso|Barcelona|08/08/2023
150|Martín García|Pedro Samuel|1|PP|GP Popular en el Congreso|Salamanca|08/08/2023
62|Martín Martínez|Andreu|1|PSC-PSOE|GP Socialista|Tarragona|03/08/2023
146|Martín Rodríguez|Margarita|2|PsdeG-PSOE|GP Socialista|Ourense|08/08/2023
225|Martín Urriza|Carlos|1|SUMAR|GP Plurinacional SUMAR|Madrid|10/08/2023
310|Martínez Barbero|Verónica|2|SUMAR|GP Plurinacional SUMAR|Pontevedra|16/08/2023
102|Martínez Gómez|Antonio|1|PP|GP Popular en el Congreso|Albacete|04/08/2023
87|Martínez Hierro|Lander|1|SUMAR|GP Plurinacional SUMAR|Bizkaia|03/08/2023
213|Martínez Labella|Ana|2|PP|GP Popular en el Congreso|Almería|09/08/2023
218|Martínez Ramírez|Carmen|2|PSOE|GP Socialista|Valencia/València|10/08/2023
182|Martínez Salmerón|Joaquín|1|PSOE|GP Socialista|Murcia|09/08/2023
63|Martínez Seijo|María Luz|2|PSOE|GP Socialista|Palencia|03/08/2023
287|Matute García de Jalón|Oskar|1|EH Bildu|GP Euskal Herria Bildu|Bizkaia|14/08/2023
363|Mayoral de Lamo|Alberto|1|PSOE|GP Socialista|Córdoba|12/12/2023
366|Mayoral Pérez|Jesús|1|PSOE|GP Socialista|Toledo|19/12/2023
331|Mejías Sánchez|Carina|2|VOX|GP VOX|Barcelona|16/08/2023
211|Melgarejo Moreno|Joaquín|1|PP|GP Popular en el Congreso|Alicante/Alacant|09/08/2023
171|Mellado Sierra|Valle|2|PSC-PSOE|GP Socialista|Tarragona|08/08/2023
203|Méndez Monasterio|Lourdes|2|VOX|GP VOX|Murcia|09/08/2023
190|Mercadal Baquero|Pepe|1|PSIB-PSOE|GP Socialista|Balears (Illes)|09/08/2023
99|Merino Martínez|Javier|1|PP|GP Popular en el Congreso|Rioja (La)|03/08/2023
132|Mesquida Mayans|Joan|1|PP|GP Popular en el Congreso|Balears (Illes)|07/08/2023
164|Micó Micó|Àgueda|2|SUMAR|GP Mixto|Valencia/València|08/08/2023
80|Mínguez García|Montse|2|PSC-PSOE|GP Socialista|Lleida|03/08/2023
391|Molina León|Ainhoa|2|PP|GP Popular en el Congreso|S/C Tenerife|17/09/2024
204|Moneo Díez|María Sandra|2|PP|GP Popular en el Congreso|Burgos|09/08/2023
390|Montávez Aguillaume|Vicente|1|PSOE|GP Socialista|Madrid|17/09/2024
216|Montesinos de Miguel|Macarena|2|PP|GP Popular en el Congreso|Alicante/Alacant|09/08/2023
198|Moraleja Gómez|Tristana María|2|PP|GP Popular en el Congreso|Coruña (A)|09/08/2023
93|Morales Álvarez|Álvaro|1|PSOE|GP Socialista|Burgos|03/08/2023
385|Moreno Borrás|Cristina|2|PP|GP Popular en el Congreso|Valencia/València|04/07/2024
361|Moreno Fernández|Mª Isabel|2|PSOE|GP Socialista|Cádiz|12/12/2023
151|Moro Almaraz|María Jesús|2|PP|GP Popular en el Congreso|Salamanca|08/08/2023
236|Muñoz Abrines|Pedro|1|PP|GP Popular en el Congreso|Madrid|10/08/2023
28|Muñoz de la Iglesia|Ester|2|PP|GP Popular en el Congreso|León|02/08/2023
348|Nacarino-Brabo Jiménez|Aurora|2|PP|GP Popular en el Congreso|Madrid|16/08/2023
271|Narbona Ruiz|Cristina|2|PSOE|GP Socialista|Madrid|14/08/2023
178|Nasarre Oliva|Begoña|2|PSOE|GP Socialista|Huesca|08/08/2023
215|Navarro Lacoba|Carmen|2|PP|GP Popular en el Congreso|Albacete|09/08/2023
241|Nogueras i Camero|Míriam|2|JxCAT-JUNTS|GP Junts per Catalunya|Barcelona|10/08/2023
141|Noriega Gómez|Javier|1|PP|GP Popular en el Congreso|Cantabria|07/08/2023
346|Núñez Feijóo|Alberto|1|PP|GP Popular en el Congreso|Madrid|16/08/2023
373|Núñez Guijarro|José Enrique|1|PP|GP Popular en el Congreso|Madrid|30/01/2024
397|Ogou i Corbi|Viviane|2|SUMAR|GP Plurinacional SUMAR|Barcelona|11/02/2025
161|Olano Vela|Jaime Eduardo de|1|PP|GP Popular en el Congreso|Lugo|08/08/2023
325|Ortega Smith-Molina|Francisco Javier|1|VOX|GP Mixto|Madrid|16/08/2023
398|Otero Gabirondo|Mikel|1|EH Bildu|GP Euskal Herria Bildu|Araba/Álava|18/02/2025
386|Otero García|Mercedes|2|PSOE|GP Socialista|Asturias|22/07/2024
377|Otero Rodríguez|Patricia|2|PsdeG-PSOE|GP Socialista|Lugo|12/03/2024
410|Pachón Martín|Brígida|2|PSOE|GP Socialista|Sevilla|11/06/2026
389|Pagès i Massó|Josep|1|JxCAT-JUNTS|GP Junts per Catalunya|Barcelona|10/09/2024
1|Palencia Rubio|Héctor|1|PP|GP Popular en el Congreso|Ávila|31/07/2023
323|Paniagua Núñez|Miguel Ángel|1|PP|GP Popular en el Congreso|Palencia|16/08/2023
369|Paré Aregall|Josep|1|PSC-PSOE|GP Socialista|Barcelona|09/01/2024
210|Parra Aparicio|Julia|2|PP|GP Popular en el Congreso|Alicante/Alacant|09/08/2023
172|Parra Gallego|Agustín|1|PP|GP Popular en el Congreso|Barcelona|08/08/2023
212|Pascual Rocamora|Sandra|2|PP|GP Popular en el Congreso|Alicante/Alacant|09/08/2023
339|Pedreño Molina|Juan Luis|1|PP|GP Popular en el Congreso|Murcia|16/08/2023
95|Peña Camarero|Esther|2|PSOE|GP Socialista|Burgos|03/08/2023
19|Perea i Conillas|María Mercè|2|PSC-PSOE|GP Socialista|Barcelona|02/08/2023
45|Pérez Coronado|Pablo|1|PP|GP Popular en el Congreso|Segovia|02/08/2023
27|Pérez López|Álvaro|1|PP|GP Popular en el Congreso|Coruña (A)|02/08/2023
8|Pérez Ortiz|Isabel María|2|PSOE|GP Socialista|Málaga|01/08/2023
16|Pérez Osma|Daniel|1|PP|GP Popular en el Congreso|Cuenca|02/08/2023
88|Pérez Recuerda|Isabel Gema|2|PP|GP Popular en el Congreso|Málaga|03/08/2023
328|Pisarello Prados|Gerardo|1|SUMAR|GP Plurinacional SUMAR|Barcelona|16/08/2023
81|Plaza García|Inés|2|PSOE|GP Socialista|Almería|03/08/2023
39|Poblador Pacheco|María Araceli|2|PSOE|GP Socialista|Alicante/Alacant|02/08/2023
129|Pose Mesura|Modesto|1|PsdeG-PSOE|GP Socialista|Pontevedra|07/08/2023
288|Pozueta Fernández|Isabel|2|EH Bildu|GP Euskal Herria Bildu|Navarra|14/08/2023
71|Prieto Serrano|María Isabel|2|PP|GP Popular en el Congreso|Córdoba|03/08/2023
90|Puente Santiago|Óscar|1|PSOE|GP Socialista|Valladolid|03/08/2023
199|Puy Fraga|Pedro|1|PP|GP Popular en el Congreso|Pontevedra|09/08/2023
197|Quintana Carballo|Rosa|2|PP|GP Popular en el Congreso|Ourense|09/08/2023
181|Quintanilla Navarro|Miguel Ángel|1|PP|GP Popular en el Congreso|Madrid|09/08/2023
394|Quintero Hernández|Jonay|1|PSOE|GP Socialista|S/C Tenerife|10/12/2024
54|Rallo Lombarte|Artemi|1|PSOE|GP Socialista|Castellón/Castelló|03/08/2023
46|Ramajo Prada|Óscar|1|PP|GP Popular en el Congreso|Zamora|02/08/2023
94|Ramírez Carner|Arnau|1|PSC-PSOE|GP Socialista|Barcelona|03/08/2023
70|Ramírez del Río|José|1|VOX|GP VOX|Córdoba|03/08/2023
60|Ramírez Martín|María Lourdes|2|PP|GP Popular en el Congreso|Granada|03/08/2023
5|Ramírez Moreno|María de las Nieves|2|PSOE|GP Socialista|Málaga|01/08/2023
100|Ramos Esteban|César Joaquín|1|PSOE|GP Socialista|Cáceres|03/08/2023
393|Recas Martín|Alda|2|SUMAR|GP Plurinacional SUMAR|Madrid|29/10/2024
98|Redondo Cárdenas|Gonzalo|1|PSOE|GP Socialista|Ciudad Real|03/08/2023
238|Rego Candamil|Néstor|1|BNG|GP Mixto|Coruña (A)|10/08/2023
399|Renteria Lasanta|Nerea|2|EAJ-PNV|GP Vasco (EAJ-PNV)|Bizkaia|08/04/2025
131|Requena Ruiz|Juan Diego|1|PP|GP Popular en el Congreso|Jaén|07/08/2023
11|Rey de las Heras|Luis Alfonso|1|PSOE|GP Socialista|Soria|01/08/2023
246|Reynal Reillo|Esperanza|2|PP|GP Popular en el Congreso|Valencia/València|10/08/2023
157|Rivera Arias|Engracia|2|SUMAR|GP Plurinacional SUMAR|Sevilla|08/08/2023
231|Rives Arcayna|Caridad|2|PSOE|GP Socialista|Murcia|10/08/2023
318|Robles López|Joaquín|1|VOX|GP VOX|Murcia|16/08/2023
256|Rodríguez Almeida|Andrés Alberto|1|VOX|GP VOX|Palmas (Las)|10/08/2023
51|Rodríguez Calleja|Patricia|2|PP|GP Popular en el Congreso|Ávila|02/08/2023
344|Rodríguez de Millán Parro|María José|2|VOX|GP VOX|Madrid|16/08/2023
140|Rodríguez Gómez de Celis|Alfonso|1|PSOE|GP Socialista|Sevilla|07/08/2023
404|Rodríguez Herrer|María Elvira|2|PP|GP Popular en el Congreso|Madrid|02/09/2025
355|Rodríguez Palacios|Javier|1|PSOE|GP Socialista|Madrid|05/12/2023
128|Rodríguez Salas|José Antonio|1|PSOE|GP Socialista|Granada|07/08/2023
101|Rodríguez Serra|Santi|1|PP|GP Popular en el Congreso|Barcelona|03/08/2023
359|Rodríguez Suárez|Esther|2|PSOE|GP Socialista|S/C Tenerife|12/12/2023
12|Rojas García|Carlos|1|PP|GP Popular en el Congreso|Granada|02/08/2023
156|Rojas Manrique|Juan Antonio|1|PP|GP Popular en el Congreso|S/C Tenerife|08/08/2023
176|Rojo Blas|Alberto|1|PSOE|GP Socialista|Guadalajara|08/08/2023
59|Román Jasanada|Antonio|1|PP|GP Popular en el Congreso|Guadalajara|03/08/2023
112|Romero Pozo|Rafaela|2|PSE-EE (PSOE)|GP Socialista|Gipuzkoa|04/08/2023
307|Romero Vilches|María de los Reyes|2|VOX|GP VOX|Sevilla|16/08/2023
58|Ros Martínez|Susana|2|PSOE|GP Socialista|Castellón/Castelló|03/08/2023
293|Rueda Perelló|Patricia|2|VOX|GP VOX|Málaga|14/08/2023
312|Rufián Romero|Gabriel|1|ERC|GP Republicano|Barcelona|16/08/2023
68|Ruiz Boix|Juan Carlos|1|PSOE|GP Socialista|Cádiz|03/08/2023
362|Ruiz de Diego|Víctor Javier|1|PSOE|GP Socialista|Zaragoza|12/12/2023
283|Ruiz Solás|María de la Cabeza|2|VOX|GP VOX|Madrid|14/08/2023
61|Sáez Alonso-Muñumer|Pablo|1|VOX|GP VOX|Valladolid|03/08/2023
138|Sáez Cruz|Emilio|1|PSOE|GP Socialista|Albacete|07/08/2023
309|Sagastizabal Unzetabarrenetxea|Idoia|2|EAJ-PNV|GP Vasco (EAJ-PNV)|Bizkaia|16/08/2023
10|Sahuquillo García|Luis Carlos|1|PSOE|GP Socialista|Cuenca|01/08/2023
384|Sainz Martín|María|2|PSOE|GP Socialista|Madrid|25/06/2024
77|Salvador i Duch|Jordi|1|ERC|GP Republicano|Tarragona|03/08/2023
72|Sánchez Díaz|María Carmen|2|PSOE|GP Socialista|Cádiz|03/08/2023
53|Sánchez García|José María|1|VOX|GP VOX|Alicante/Alacant|02/08/2023
152|Sánchez Ojeda|Carlos Alberto|1|PP|GP Popular en el Congreso|Palmas (Las)|08/08/2023
217|Sánchez Pérez|César|1|PP|GP Popular en el Congreso|Alicante/Alacant|09/08/2023
189|Sánchez Pérez-Castejón|Pedro|1|PSOE|GP Socialista|Madrid|09/08/2023
292|Sánchez Serna|Javier|1|SUMAR|GP Mixto|Murcia|14/08/2023
281|Sánchez Sierra|María del Mar|2|PP|GP Popular en el Congreso|Madrid|14/08/2023
177|Sánchez Torregrosa|Maribel|2|PP|GP Popular en el Congreso|Almería|08/08/2023
130|Sancho Íñiguez|Herminio Rufino|1|PSOE|GP Socialista|Teruel|07/08/2023
133|Santana Aguilera|Ada|2|PSOE|GP Socialista|Palmas (Las)|07/08/2023
33|Santana Perera|Noemí|2|SUMAR|GP Mixto|Palmas (Las)|02/08/2023
125|Santiago Romero|Enrique Fernando|1|SUMAR|GP Plurinacional SUMAR|Córdoba|07/08/2023
311|Santos Maraver|Agustín|1|SUMAR|GP Plurinacional SUMAR|Madrid|16/08/2023
91|Sanz Martínez|Luisa|2|PSOE|GP Socialista|Valladolid|03/08/2023
219|Sarrià Morell|Vicent Manuel|1|PSOE|GP Socialista|Valencia/València|10/08/2023
206|Sastre Uyá|Miguel Ángel|1|PP|GP Popular en el Congreso|Cádiz|09/08/2023
148|Sayas López|Sergio|1|PP|GP Popular en el Congreso|Navarra|08/08/2023
258|Sémper Pascual|Borja|1|PP|GP Popular en el Congreso|Madrid|11/08/2023
17|Senderos Oraá|Daniel|1|PSE-EE (PSOE)|GP Socialista|Araba/Álava|02/08/2023
24|Serrada Pariente|David|1|PSOE|GP Socialista|Salamanca|02/08/2023
40|Serrano Martínez|Juan Francisco|1|PSOE|GP Socialista|Jaén|02/08/2023
268|Sierra Caballero|Francisco|1|SUMAR|GP Plurinacional SUMAR|Sevilla|14/08/2023
229|Simancas Simancas|Rafael|1|PSOE|GP Socialista|Madrid|10/08/2023
402|Simarro Vicens|Carlos|1|PP|GP Popular en el Congreso|Balears (Illes)|21/07/2025
358|Soldevilla Novials|Alba|2|PSC-PSOE|GP Socialista|Barcelona|12/12/2023
296|Soler Mur|Alejandro|1|PSOE|GP Socialista|Alicante/Alacant|14/08/2023
412|Taibo Monelos|Diego|1|PsdeG-PSOE|GP Socialista|Coruña (A)|14/09/2026
89|Tarno Blanco|Ricardo|1|PP|GP Popular en el Congreso|Sevilla|03/08/2023
26|Tellado Filgueira|Miguel|1|PP|GP Popular en el Congreso|Coruña (A)|02/08/2023
47|Teniente Sánchez|Cristina|2|PP|GP Popular en el Congreso|Cáceres|02/08/2023
119|Tomás Olivares|Violante|2|PP|GP Popular en el Congreso|Murcia|04/08/2023
368|Torres Tejada|María|2|PP|GP Popular en el Congreso|Jaén|09/01/2024
220|Trenzano Rubio|Marta|2|PSOE|GP Socialista|Valencia/València|10/08/2023
374|Uriarte Bengoechea|Edurne|2|PP|GP Popular en el Congreso|Madrid|30/01/2024
78|Valero Morales|Juan Antonio|1|SUMAR|GP Plurinacional SUMAR|Málaga|03/08/2023
38|Valido García|Cristina|2|CCa|GP Mixto|S/C Tenerife|02/08/2023
223|Vallugera Balañà|Pilar|2|ERC|GP Republicano|Barcelona|10/08/2023
303|Vaquero Montero|Maribel|2|EAJ-PNV|GP Vasco (EAJ-PNV)|Gipuzkoa|16/08/2023
347|Varela Pazos|Marta|2|PP|GP Popular en el Congreso|Madrid|16/08/2023
196|Vázquez Blanco|Ana Belén|2|PP|GP Popular en el Congreso|Ourense|09/08/2023
76|Vázquez Jiménez|María del Mar|2|PP|GP Popular en el Congreso|Málaga|03/08/2023
383|Vedrina Conesa|María Elisa|2|PP|GP Popular en el Congreso|Tarragona|11/06/2024
169|Velarde Gómez|Martina|2|SUMAR|GP Mixto|Granada|08/08/2023
34|Velasco Morillo|Elvira|2|PP|GP Popular en el Congreso|Zamora|02/08/2023
184|Velasco Retamosa|José Manuel|1|PP|GP Popular en el Congreso|Toledo|09/08/2023
43|Verano Domínguez|Bella|2|PP|GP Popular en el Congreso|Huelva|02/08/2023
23|Verdejo Vicente|Ferran|1|PSC-PSOE|GP Socialista|Barcelona|02/08/2023
408|Vergara Román|Laura|2|SUMAR|GP Plurinacional SUMAR|Zaragoza|10/02/2026
192|Vidal Matas|Vicenç|1|SUMAR|GP Plurinacional SUMAR|Balears (Illes)|09/08/2023
327|Vidal Sáez|Aina|2|SUMAR|GP Plurinacional SUMAR|Barcelona|16/08/2023
35|Zaragoza Alonso|José|1|PSC-PSOE|GP Socialista|Barcelona|02/08/2023
