1|000002/000002_000_e_0000007_20230731.pdf|1||Portavoz de la Comisión de Transportes y Movilidad Sostenible|2
2|000001/000001_000_e_0000005_20230731.pdf|1||Vicepresidente Segundo de la Comisión Mixta para la Coordinación y Seguimiento de la Estrategia Española para alcanzar los Objetivos de Desarrollo Sostenible (ODS)|2
4|000003/000003_000_e_0000012_20230801.pdf|1||Portavoz de la Comisión de Cooperación Internacional para el Desarrollo|4
5|000005/000005_001_e_0002977_20231023.pdf|2||Portavoz de la Comisión de Transición Ecológica y Reto Demográfico|3
7|000007/000007_000_e_0000031_20230801.pdf|1||Vicepresidente Segundo de la Comisión de seguimiento y evaluación de los acuerdos del Pacto de Toledo|2
8|000008/000008_000_e_0000034_20230801.pdf|1||Portavoz de la Comisión de Transición Ecológica y Reto Demográfico|1
9|000339/000339_000_e_0001412_20230816.pdf|1||Vicepresidente Segundo de la Comisión de Presupuestos|1
10|000009/000009_001_e_0004273_20231116.pdf|2||Vicepresidente Primero de la Comisión de Derechos Sociales y Consumo|1
11|000010/000010_001_e_0038180_20240916.pdf|2||Portavoz de la Comisión de Transición Ecológica y Reto Demográfico|2
12|000014/000014_000_e_0001375_20230816.pdf|1||Vicepresidente Segundo de la Comisión de Asuntos Exteriores|3
14|000012/000012_000_e_0000053_20230802.pdf|1||Portavoz de la Comisión Mixta de Relaciones con el Defensor del Pueblo|1
15|000013/000013_000_e_0000059_20230802.pdf|1||Presidenta de la Comisión de Interior|1
16|000016/000016_000_e_0000074_20230802.pdf|1||Secretario Segundo de la Comisión de Justicia|1
17|000017/000017_000_e_0000076_20230802.pdf|1||Portavoz de la Comisión Mixta para la Coordinación y Seguimiento de la Estrategia Española para alcanzar los Objetivos de Desarrollo Sostenible (ODS)|2
18|000022/000022_000_e_0000093_20230802.pdf|1||Vicepresidente Primero de la Comisión sobre Seguridad Vial|2
19|000015/000015_000_e_0000073_20230802.pdf|1||Presidenta de la Comisión de seguimiento y evaluación de los acuerdos del Pacto de Toledo|1
21|000020/000020_000_e_0000087_20230802.pdf|1||Portavoz de la Comisión de Justicia|1
23|000021/000021_000_e_0000092_20230802.pdf|1||Portavoz de la Comisión para la auditoría de la calidad democrática, la lucha contra la corrupción y las reformas institucionales y legales|3
24|000019/000019_001_e_0063713_20250402.pdf|2||Portavoz de la Comisión de Interior|3
25|000026/000026_000_e_0000120_20230802.pdf|1||Portavoz adjunto de la Comisión de Asuntos Exteriores|1
26|000338/000338_001_e_0078322_20250909.pdf|2|||0
27|000025/000025_000_e_0000116_20230802.pdf|1|Portavoz adjunto de la Junta de Portavoces|Vicepresidente Primero de la Comisión Mixta para las Relaciones con el Tribunal de Cuentas|1
28|000333/000333_001_e_0091694_20251203.pdf|2|Portavoz Titular de la Junta de Portavoces||0
29|000024/000024_000_e_0000108_20230802.pdf|1||Presidente de la Comisión para la auditoría de la calidad democrática, la lucha contra la corrupción y las reformas institucionales y legales|1
30|000029/000029_001_e_0076441_20250722.pdf|2||Vicepresidenta Segunda de la Comisión de Trabajo, Economía Social, Inclusión, Seguridad Social y Migraciones|2
31|000160/000160_000_e_0000684_20230808.pdf|1||Portavoz de la Comisión de Igualdad|1
32|000031/000031_000_e_0000148_20230802.pdf|1||Vicepresidente Segundo de la Comisión de Transportes y Movilidad Sostenible|1
33|000030/000030_000_e_0000147_20230802.pdf|1||Portavoz de la Comisión de Derechos Sociales y Consumo|3
34|000032/000032_000_e_0000150_20230802.pdf|1||Portavoz de la Comisión de Sanidad|1
35|000027/000027_000_e_0000128_20230802.pdf|1||Presidente de la Comisión Constitucional|1
38|000033/000033_001_e_0086940_20251029.pdf|2|Portavoz adjunta de la Junta de Portavoces|Portavoz de la Comisión de Presupuestos|5
39|000039/000039_000_e_0000177_20230802.pdf|1||Vicepresidenta Primera de la Comisión de Interior|2
40|000237/000237_001_e_0126817_20260915.pdf|2||Presidente de la Comisión Mixta para las Relaciones con el Tribunal de Cuentas|1
41|000035/000035_000_e_0000166_20230802.pdf|1||Vicepresidenta Segunda de la Comisión de seguimiento y evaluación de los acuerdos del Pacto de Estado en materia de Violencia de Género|1
42|000041/000041_000_e_0000184_20230802.pdf|1||Portavoz de la Comisión de Trabajo, Economía Social, Inclusión, Seguridad Social y Migraciones|2
43|000335/000335_000_e_0001399_20230816.pdf|1||Portavoz de la Comisión sobre Seguridad Vial|1
44|000044/000044_000_e_0000190_20230802.pdf|1||Portavoz adjunta de la Comisión de Agricultura, Pesca y Alimentación|1
45|000037/000037_000_e_0000170_20230802.pdf|1||Portavoz de la Comisión de Ciencia, Innovación y Universidades|1
46|000036/000036_000_e_0000169_20230802.pdf|1||Secretario Segundo de la Comisión de Transportes y Movilidad Sostenible|2
47|000043/000043_000_e_0000189_20230802.pdf|1||Portavoz de la Comisión de Educación, Formación Profesional y Deportes|2
48|000042/000042_000_e_0000186_20230802.pdf|1||Portavoz adjunta de la Comisión de Justicia|2
49|000038/000038_000_e_0000175_20230802.pdf|1|Portavoz adjunta de la Junta de Portavoces||0
50|000040/000040_001_e_0073129_20250617.pdf|2||Portavoz de la Comisión Constitucional|2
51|000045/000045_000_e_0000194_20230802.pdf|1||Portavoz de la Comisión de Igualdad|2
52|000046/000046_000_e_0000200_20230802.pdf|1||Portavoz de la Comisión de Justicia|7
53|000094/000094_000_e_0000393_20230803.pdf|1||Portavoz de la Comisión de Asuntos Exteriores|4
54|000051/000051_000_e_0000225_20230803.pdf|1||Portavoz de la Comisión Constitucional|1
55|000054/000054_000_e_0000235_20230803.pdf|1||Portavoz de la Comisión de Asuntos Exteriores|1
58|000048/000048_000_e_0000212_20230803.pdf|1||Presidenta de la Comisión de Cooperación Internacional para el Desarrollo|2
59|000053/000053_000_e_0000233_20230803.pdf|1||Portavoz de la Comisión de Política Territorial|1
60|000055/000055_000_e_0000238_20230803.pdf|1||Secretaria Segunda de la Comisión de Política Territorial|1
61|000050/000050_000_e_0000224_20230803.pdf|1||Portavoz de la Comisión de Hacienda y Función Pública|7
62|000052/000052_000_e_0000232_20230803.pdf|1||Vicepresidente Primero de la Comisión de Ciencia, Innovación y Universidades|2
63|000056/000056_000_e_0119378_20260617.pdf|2||Portavoz de la Comisión de Educación, Formación Profesional y Deportes|1
64|000057/000057_000_e_0000248_20230803.pdf|1||Portavoz de la Comisión de Hacienda y Función Pública|1
65|000058/000058_000_e_0000258_20230803.pdf|1||Vicepresidenta Segunda de la Comisión de Derechos Sociales y Consumo|1
67|000059/000059_000_e_0000263_20230803.pdf|1||Portavoz de la Comisión de Asuntos Exteriores|2
68|000060/000060_000_e_0000269_20230803.pdf|1||Presidente de la Comisión de Asuntos Exteriores|1
69|000066/000066_000_e_0000297_20230803.pdf|1||Portavoz de la Comisión de Trabajo, Economía Social, Inclusión, Seguridad Social y Migraciones|2
70|000061/000061_000_e_0000271_20230803.pdf|1||Portavoz de la Comisión de Educación, Formación Profesional y Deportes|5
71|000064/000064_000_e_0000289_20230803.pdf|1||Portavoz de la Comisión de Trabajo, Economía Social, Inclusión, Seguridad Social y Migraciones|2
72|000072/000072_000_e_0000321_20230803.pdf|1||Vicepresidenta Primera de la Comisión de Defensa|1
73|000062/000062_000_e_0000276_20230803.pdf|1||Portavoz de la Comisión sobre Seguridad Vial|1
74|000084/000084_001_e_0123619_20260731.pdf|2||Portavoz de la Comisión de Agricultura, Pesca y Alimentación|2
75|000063/000063_000_e_0000278_20230803.pdf|1||Portavoz de la Comisión de seguimiento y evaluación de los acuerdos del Pacto de Toledo|1
76|000083/000083_000_e_0000357_20230803.pdf|1||Portavoz de la Comisión Mixta para el Estudio de los Problemas de las Adicciones|1
77|000073/000073_000_e_0000324_20230803.pdf|1|Portavoz adjunto de la Junta de Portavoces|Portavoz de la Comisión de Trabajo, Economía Social, Inclusión, Seguridad Social y Migraciones|5
78|000075/000075_000_e_0000331_20230803.pdf|1||Portavoz de la Comisión de Educación, Formación Profesional y Deportes|5
79|000068/000068_000_e_0000303_20230803.pdf|1||Portavoz de la Comisión de Educación, Formación Profesional y Deportes|1
80|000067/000067_000_e_0000300_20230803.pdf|1|Portavoz adjunta de la Junta de Portavoces|Portavoz de la Comisión de Presupuestos|1
81|000065/000065_000_e_0000293_20230803.pdf|1||Portavoz de la Comisión de Derechos Sociales y Consumo|2
82|000076/000076_001_e_0068635_20250514.pdf|2||Presidenta de la Comisión para las Políticas Integrales de la Discapacidad|1
84|000090/000090_000_e_0000383_20230803.pdf|1||Portavoz adjunto de la Comisión de Trabajo, Economía Social, Inclusión, Seguridad Social y Migraciones|2
85|000077/000077_001_e_0103185_20260226.pdf|2||Portavoz de la Comisión de Economía, Comercio y Transformación Digital|1
86|000080/000080_000_e_0000350_20230803.pdf|1|Vicepresidenta Tercera de la Mesa del Congreso|Portavoz de la Comisión de Igualdad|2
87|000086/000086_000_e_0000363_20230803.pdf|1||Portavoz de la Comisión de Derechos Sociales y Consumo|3
88|000070/000070_001_e_0075628_20250710.pdf|2||Portavoz adjunta de la Comisión de Trabajo, Economía Social, Inclusión, Seguridad Social y Migraciones|1
89|000071/000071_001_e_0102207_20260224.pdf|3||Vicepresidente Primero de la Comisión Mixta de Seguridad Nacional|1
90|000074/000074_001_e_0075932_20250715.pdf|2|||0
91|000085/000085_000_e_0000361_20230803.pdf|1||Portavoz de la Comisión de Economía, Comercio y Transformación Digital|2
92|000093/000093_000_e_0000391_20230803.pdf|1||Presidente de la Comisión de Investigación sobre el derecho a saber la verdad y las implicaciones derivadas de los atentados de Barcelona y Cambrils del 17 de agosto de 2017|7
93|000078/000078_000_e_0000343_20230803.pdf|1||Portavoz adjunto de la Comisión de Transportes y Movilidad Sostenible|2
94|000088/000088_001_e_0003436_20231030.pdf|2||Presidente de la Comisión de Investigación sobre la denominada "Operación Cataluña" y las actuaciones del Ministerio del Interior durante los gobiernos del Partido Popular|2
95|000079/000079_000_e_0000347_20230803.pdf|1||Presidenta de la Comisión de Transportes y Movilidad Sostenible|1
96|000082/000082_000_e_0000356_20230803.pdf|1||Portavoz de la Comisión sobre Seguridad Vial|3
98|000089/000089_001_e_0034619_20240724.pdf|2||Portavoz adjunto de la Comisión de Economía, Comercio y Transformación Digital|2
99|000092/000092_000_e_0000387_20230803.pdf|1||Portavoz de la Comisión de Educación, Formación Profesional y Deportes|1
100|000087/000087_001_e_0084823_20251010.pdf|2||Portavoz de la Comisión de Transportes y Movilidad Sostenible|1
101|000091/000091_000_e_0000385_20230803.pdf|1||Portavoz de la Comisión de Investigación sobre el derecho a saber la verdad y las implicaciones derivadas de los atentados de Barcelona y Cambrils del 17 de agosto de 2017|3
102|000096/000096_000_e_0000414_20230804.pdf|1||Portavoz adjunto de la Comisión de Derechos Sociales y Consumo|1
103|000095/000095_000_e_0000406_20230804.pdf|1||Vicepresidenta Primera de la Comisión de Agricultura, Pesca y Alimentación|1
104|000097/000097_000_e_0000416_20230804.pdf|1||Portavoz de la Comisión de Trabajo, Economía Social, Inclusión, Seguridad Social y Migraciones|4
105|000098/000098_000_e_0000419_20230804.pdf|1||Portavoz de la Comisión de Industria y Turismo|1
106|000099/000099_000_e_0000422_20230804.pdf|1||Portavoz de la Comisión Mixta para el Estudio de los Problemas de las Adicciones|1
107|000101/000101_000_e_0000429_20230804.pdf|1||Vicepresidente Primero de la Comisión Mixta de Relaciones con el Defensor del Pueblo|1
108|000100/000100_000_e_0000424_20230804.pdf|1||Presidente de la Comisión Mixta para la Unión Europea|1
109|000103/000103_001_e_0096608_20260202.pdf|2||Portavoz de la Comisión de Educación, Formación Profesional y Deportes|1
110|000102/000102_000_e_0000432_20230804.pdf|1||Portavoz de la Comisión de Cultura|1
111|000106/000106_000_e_0000451_20230804.pdf|1||Vicepresidenta Primera de la Comisión para la auditoría de la calidad democrática, la lucha contra la corrupción y las reformas institucionales y legales|2
112|000107/000107_000_e_0000454_20230804.pdf|1||Vicepresidenta Primera de la Comisión de Vivienda y Agenda Urbana|3
113|000292/000292_000_e_0001216_20230816.pdf|1||Portavoz de la Comisión de Cooperación Internacional para el Desarrollo|2
115|000108/000108_000_e_0000460_20230804.pdf|1||Portavoz de la Comisión de Agricultura, Pesca y Alimentación|2
116|000105/000105_000_e_0000448_20230804.pdf|1||Portavoz de la Comisión de Trabajo, Economía Social, Inclusión, Seguridad Social y Migraciones|1
117|000110/000110_000_e_0000467_20230804.pdf|1||Portavoz de la Comisión de Interior|4
118|000109/000109_001_e_0051369_20241211.pdf|2|Vicepresidente Segundo de la Mesa del Congreso|Vicepresidente Segundo de la Comisión de Reglamento|1
119|000111/000111_001_e_0079969_20250916.pdf|2||Portavoz de la Comisión para las Políticas Integrales de la Discapacidad|2
120|000344/000344_001_e_0123135_20260724.pdf|2|Portavoz Titular de la Junta de Portavoces||0
121|000112/000112_000_e_0000476_20230804.pdf|1||Portavoz de la Comisión de Educación, Formación Profesional y Deportes|4
122|000114/000114_000_e_0001215_20230816.pdf|1||Portavoz de la Comisión de Juventud e Infancia|5
124|000115/000115_000_e_0000495_20230807.pdf|1||Portavoz de la Comisión de Hacienda y Función Pública|2
125|000116/000116_000_e_0000506_20230807.pdf|1||Vicepresidente Primero de la Comisión de Asuntos Exteriores|3
128|000120/000120_000_e_0000518_20230807.pdf|1||Portavoz de la Comisión de Defensa|1
129|000121/000121_000_e_0000519_20230807.pdf|1||Vicepresidente Primero de la Comisión de Sanidad|1
130|000122/000122_001_e_0117759_20260604.pdf|3||Portavoz de la Comisión Mixta de Relaciones con el Defensor del Pueblo|2
131|000119/000119_000_e_0000516_20230807.pdf|1||Portavoz de la Comisión de Transición Ecológica y Reto Demográfico|2
132|000127/000127_000_e_0000547_20230807.pdf|1||Portavoz de la Comisión Mixta para la Coordinación y Seguimiento de la Estrategia Española para alcanzar los Objetivos de Desarrollo Sostenible (ODS)|1
133|000125/000125_001_e_0124667_20260901.pdf|2||Secretaria Primera de la Comisión de Educación, Formación Profesional y Deportes|2
134|000124/000124_001_e_0122621_20260715.pdf|2||Vicepresidenta Primera de la Comisión de Economía, Comercio y Transformación Digital|2
136|000132/000132_001_e_0082176_20250925.pdf|3||Portavoz de la Comisión de Vivienda y Agenda Urbana|1
137|000131/000131_000_e_0000559_20230807.pdf|1||Vicepresidenta Segunda de la Comisión de Ciencia, Innovación y Universidades|2
138|000129/000129_000_e_0000557_20230807.pdf|1||Portavoz de la Comisión para las Políticas Integrales de la Discapacidad|1
139|000128/000128_000_e_0000550_20230807.pdf|1||Portavoz de la Comisión de Reglamento|2
140|000126/000126_001_e_0117139_20260528.pdf|2|Vicepresidente Primero de la Mesa del Congreso|Vicepresidente Primero de la Comisión de Reglamento|1
141|000130/000130_000_e_0000558_20230807.pdf|1||Portavoz adjunto de la Comisión de Cooperación Internacional para el Desarrollo|1
142|000348/000348_000_e_0001661_20230911.pdf|1||Portavoz de la Comisión de Trabajo, Economía Social, Inclusión, Seguridad Social y Migraciones|3
143|000133/000133_000_e_0000569_20230807.pdf|1||Portavoz de la Comisión de seguimiento y evaluación de los acuerdos del Pacto de Estado en materia de Violencia de Género|2
145|000136/000136_001_e_0107159_20260319.pdf|3||Presidenta de la Comisión de Vivienda y Agenda Urbana|1
146|000137/000137_000_e_0000589_20230808.pdf|1||Vicepresidenta Segunda de la Comisión Mixta de Relaciones con el Defensor del Pueblo|2
148|000138/000138_001_e_0054066_20250121.pdf|2||Portavoz de la Comisión de Vivienda y Agenda Urbana|1
149|000139/000139_001_e_0078927_20250909.pdf|3|Portavoz adjunto de la Junta de Portavoces|Portavoz de la Comisión Constitucional|5
150|000142/000142_001_e_0072406_20250611.pdf|2||Portavoz adjunto de la Comisión de Derechos Sociales y Consumo|1
151|000140/000140_000_e_0000600_20230808.pdf|1||Portavoz de la Comisión de Justicia|1
152|000144/000144_000_e_0000628_20230808.pdf|1||Portavoz de la Comisión Mixta sobre Insularidad|2
154|000149/000149_001_e_0123791_20260805.pdf|2||Presidenta de la Comisión de Política Territorial|1
155|000145/000145_000_e_0000631_20230808.pdf|1||Secretaria Segunda de la Comisión de Industria y Turismo|3
156|000148/000148_000_e_0000641_20230808.pdf|1||Vicepresidente Segundo de la Comisión sobre Seguridad Vial|1
157|000151/000151_000_e_0000650_20230808.pdf|1||Presidenta de la Comisión Mixta para la Coordinación y Seguimiento de la Estrategia Española para alcanzar los Objetivos de Desarrollo Sostenible (ODS)|6
159|000162/000162_000_e_0000691_20230808.pdf|1||Portavoz de la Comisión Constitucional|5
160|000150/000150_000_e_0000648_20230808.pdf|1||Portavoz de la Comisión de Juventud e Infancia|2
161|000147/000147_000_e_0000640_20230808.pdf|1|Portavoz adjunto de la Junta de Portavoces|Portavoz de la Comisión de Economía, Comercio y Transformación Digital|2
162|000153/000153_000_e_0000664_20230808.pdf|1||Secretario Segundo de la Comisión de Educación, Formación Profesional y Deportes|1
163|000146/000146_001_e_0002403_20231010.pdf|2||Portavoz de la Comisión de Derechos Sociales y Consumo|1
164|000158/000158_000_e_0000678_20230808.pdf|1||Portavoz de la Comisión de Política Territorial|4
165|000161/000161_000_e_0000685_20230808.pdf|1|Portavoz adjunto de la Junta de Portavoces|Portavoz de la Comisión de Transportes y Movilidad Sostenible|5
166|000156/000156_000_e_0000671_20230808.pdf|1||Vicepresidente Primero de la Comisión Constitucional|5
167|000155/000155_000_e_0000668_20230808.pdf|1||Portavoz de la Comisión de Agricultura, Pesca y Alimentación|2
168|000154/000154_001_e_0084376_20251008.pdf|2||Vicepresidente Segundo de la Comisión Mixta para la Unión Europea|1
169|000152/000152_000_e_0000655_20230808.pdf|1||Portavoz de la Comisión de Justicia|2
170|000157/000157_000_e_0000675_20230808.pdf|1|Portavoz adjunta de la Junta de Portavoces|Portavoz de la Comisión de Economía, Comercio y Transformación Digital|2
171|000159/000159_001_e_0052664_20241223.pdf|2||Portavoz de la Comisión de Educación, Formación Profesional y Deportes|1
172|000164/000164_000_e_0000702_20230808.pdf|1||Vicepresidente Segundo de la Comisión de Investigación sobre la denominada "Operación Cataluña" y las actuaciones del Ministerio del Interior durante los gobiernos del Partido Popular|2
173|000166/000166_000_e_0000705_20230808.pdf|1||Vicepresidente Segundo de la Comisión de Educación, Formación Profesional y Deportes|3
174|000165/000165_000_e_0000704_20230808.pdf|1||Portavoz de la Comisión de Reglamento|3
175|000167/000167_001_e_0099093_20260211.pdf|3||Portavoz adjunto de la Comisión de Trabajo, Economía Social, Inclusión, Seguridad Social y Migraciones|2
176|000163/000163_000_e_0000697_20230808.pdf|1||Portavoz de la Comisión de Economía, Comercio y Transformación Digital|1
177|000169/000169_000_e_0000713_20230808.pdf|1||Vicepresidenta Segunda de la Comisión de Sanidad|3
178|000168/000168_000_e_0000712_20230808.pdf|1|Portavoz adjunta de la Junta de Portavoces|Vicepresidenta Primera de la Comisión de Investigación sobre el derecho a saber la verdad y las implicaciones derivadas de los atentados de Barcelona y Cambrils del 17 de agosto de 2017|2
180|000171/000171_001_e_0037702_20240911.pdf|2|Portavoz adjunto de la Junta de Portavoces|Portavoz de la Comisión de Hacienda y Función Pública|2
181|000172/000172_001_e_0060447_20250312.pdf|2||Vicepresidente Segundo de la Comisión de Transición Ecológica y Reto Demográfico|1
182|000180/000180_000_e_0000769_20230809.pdf|1||Presidente de la Comisión de Justicia|2
183|000174/000174_000_e_0000747_20230809.pdf|1||Portavoz de la Comisión Mixta para las Relaciones con el Tribunal de Cuentas|2
184|000175/000175_000_e_0000749_20230809.pdf|1||Portavoz adjunto de la Comisión de Asuntos Exteriores|1
185|000179/000179_001_e_0099092_20260211.pdf|2|Presidenta del Congreso de los Diputados|Presidenta de la Comisión de Reglamento|3
186|000173/000173_000_e_0000742_20230809.pdf|1||Portavoz de la Comisión de seguimiento y evaluación de los acuerdos del Pacto de Estado en materia de Violencia de Género|1
187|000178/000178_000_e_0000759_20230809.pdf|1||Portavoz de la Comisión Mixta sobre Insularidad|2
188|000176/000176_000_e_0000751_20230809.pdf|1||Portavoz de la Comisión de Presupuestos|1
189|000177/000177_000_e_0000756_20230809.pdf|1|||0
190|000183/000183_000_e_0000786_20230809.pdf|1||Portavoz de la Comisión de Industria y Turismo|2
191|000181/000181_000_e_0000774_20230809.pdf|1|Secretaria Segunda de la Mesa del Congreso|Secretaria Segunda de la Comisión de Reglamento|1
192|000206/000206_000_e_0000873_20230809.pdf|1|Portavoz adjunto de la Junta de Portavoces|Portavoz de la Comisión de Trabajo, Economía Social, Inclusión, Seguridad Social y Migraciones|9
193|000186/000186_001_e_0002205_20231005.pdf|2|Portavoz adjunto de la Junta de Portavoces|Portavoz de la Comisión de Transición Ecológica y Reto Demográfico|3
194|000185/000185_000_e_0000793_20230809.pdf|1||Portavoz de la Comisión de Vivienda y Agenda Urbana|3
195|000182/000182_001_e_0057279_20250220.pdf|3||Portavoz de la Comisión de Ciencia, Innovación y Universidades|2
196|000184/000184_000_e_0000788_20230809.pdf|1||Portavoz de la Comisión de Interior|1
197|000187/000187_000_e_0000799_20230809.pdf|1||Portavoz de la Comisión de Agricultura, Pesca y Alimentación|2
198|000188/000188_000_e_0000802_20230809.pdf|1||Portavoz de la Comisión de Economía, Comercio y Transformación Digital|1
199|000192/000192_001_e_0076590_20250723.pdf|2||Presidente de la Comisión de Economía, Comercio y Transformación Digital|2
200|000189/000189_000_e_0000806_20230809.pdf|1|Vicepresidenta Cuarta de la Mesa del Congreso|Vicepresidenta Cuarta de la Comisión de Reglamento|1
202|000221/000221_000_e_0000937_20230810.pdf|1||Portavoz de la Comisión de Investigación sobre la denominada "Operación Cataluña" y las actuaciones del Ministerio del Interior durante los gobiernos del Partido Popular|2
203|000191/000191_000_e_0000814_20230809.pdf|1||Portavoz de la Comisión Constitucional|2
204|000190/000190_000_e_0000813_20230809.pdf|1||Presidenta de la Comisión de Ciencia, Innovación y Universidades|2
206|000196/000196_000_e_0000837_20230809.pdf|1||Portavoz de la Comisión de Juventud e Infancia|2
207|000195/000195_000_e_0000836_20230809.pdf|1||Portavoz de la Comisión de Política Territorial|3
208|000193/000193_000_e_0000833_20230809.pdf|1||Portavoz de la Comisión de Derechos Sociales y Consumo|2
209|000197/000197_000_e_0000842_20230809.pdf|1||Vicepresidente Segundo de la Comisión de Política Territorial|1
210|000200/000200_000_e_0000856_20230809.pdf|1||Secretaria Segunda de la Comisión de Cultura|1
211|000198/000198_000_e_0000849_20230809.pdf|1||Portavoz de la Comisión de Transición Ecológica y Reto Demográfico|2
212|000202/000202_001_e_0054646_20250129.pdf|2||Portavoz adjunta de la Comisión de Economía, Comercio y Transformación Digital|1
213|000201/000201_000_e_0000858_20230809.pdf|1||Portavoz adjunta de la Comisión de Transportes y Movilidad Sostenible|1
214|000199/000199_000_e_0000855_20230809.pdf|1||Portavoz de la Comisión de Derechos Sociales y Consumo|5
215|000205/000205_000_e_0000869_20230809.pdf|1|Secretaria Cuarta de la Mesa del Congreso|Secretaria Cuarta de la Comisión de Reglamento|1
216|000203/000203_001_e_0049137_20241120.pdf|2|Portavoz adjunta de la Junta de Portavoces|Vicepresidenta Primera de la Comisión Mixta de Control Parlamentario de la Corporación RTVE y sus Sociedades|1
217|000204/000204_000_e_0000866_20230809.pdf|1||Portavoz de la Comisión de Transición Ecológica y Reto Demográfico|2
218|000207/000207_000_e_0000877_20230810.pdf|1||Presidenta de la Comisión de Investigación sobre la gestión de la crisis derivada de la DANA que tuvo lugar el 29 de octubre de 2024|2
219|000209/000209_000_e_0000880_20230810.pdf|1||Portavoz de la Comisión Mixta de Control Parlamentario de la Corporación RTVE y sus Sociedades|2
220|000208/000208_000_e_0000878_20230810.pdf|1||Portavoz de la Comisión de Trabajo, Economía Social, Inclusión, Seguridad Social y Migraciones|3
221|000214/000214_000_e_0000909_20230810.pdf|1||Presidenta de la Comisión de Industria y Turismo|5
222|000211/000211_000_e_0000900_20230810.pdf|1||Portavoz de la Comisión de Asuntos Exteriores|6
223|000212/000212_000_e_0000903_20230810.pdf|1||Presidenta de la Comisión de Juventud e Infancia|4
224|000216/000216_000_e_0000913_20230810.pdf|1|Portavoz adjunta de la Junta de Portavoces|Portavoz de la Comisión de Presupuestos|6
225|000220/000220_000_e_0000936_20230810.pdf|1||Presidente de la Comisión de Presupuestos|3
228|000217/000217_000_e_0000915_20230810.pdf|1||Portavoz de la Comisión de Hacienda y Función Pública|1
229|000215/000215_001_e_0123188_20260724.pdf|2|||0
231|000226/000226_000_e_0000965_20230810.pdf|1||Vicepresidenta Primera de la Comisión de Presupuestos|2
232|000222/000222_000_e_0000938_20230810.pdf|1||Portavoz de la Comisión de Asuntos Exteriores|1
234|000264/000264_000_e_0001107_20230814.pdf|1||Vicepresidenta Segunda de la Comisión de Agricultura, Pesca y Alimentación|2
235|000229/000229_000_e_0000973_20230810.pdf|1||Secretaria Segunda de la Comisión de Economía, Comercio y Transformación Digital|1
236|000219/000219_000_e_0000935_20230810.pdf|1||Portavoz de la Comisión Constitucional|1
238|000224/000224_000_e_0000944_20230810.pdf|1|Portavoz Titular de la Junta de Portavoces|Portavoz de la Comisión de Hacienda y Función Pública|6
239|000240/000240_000_e_0001007_20230810.pdf|1||Portavoz de la Comisión de Defensa|5
241|000228/000228_000_e_0000971_20230810.pdf|1|Portavoz Titular de la Junta de Portavoces|Portavoz de la Comisión de Economía, Comercio y Transformación Digital|2
242|000227/000227_000_e_0000968_20230810.pdf|1||Portavoz de la Comisión de Educación, Formación Profesional y Deportes|4
243|000231/000231_000_e_0000989_20230810.pdf|1|Portavoz adjunta de la Junta de Portavoces|Portavoz de la Comisión de Transición Ecológica y Reto Demográfico|9
244|000232/000232_000_e_0000990_20230810.pdf|1|Portavoz adjunto de la Junta de Portavoces|Portavoz de la Comisión de Hacienda y Función Pública|6
245|000238/000238_000_e_0001005_20230810.pdf|1||Presidenta de la Comisión sobre Seguridad Vial|5
246|000235/000235_001_e_0008540_20240118.pdf|2||Portavoz de la Comisión de Cooperación Internacional para el Desarrollo|1
248|000230/000230_000_e_0000979_20230810.pdf|1||Vicepresidente Segundo de la Comisión de Justicia|2
249|000241/000241_001_e_0051258_20241211.pdf|2||Portavoz de la Comisión de Juventud e Infancia|3
252|000236/000236_000_e_0000999_20230810.pdf|1|Portavoz adjunto de la Junta de Portavoces||0
253|000242/000242_000_e_0001017_20230810.pdf|1|||0
254|000245/000245_000_e_0001027_20230810.pdf|1||Portavoz de la Comisión de Trabajo, Economía Social, Inclusión, Seguridad Social y Migraciones|1
255|000244/000244_001_e_0052800_20241227.pdf|2|Secretario Tercero de la Mesa del Congreso|Secretario Tercero de la Comisión de Reglamento|1
256|000246/000246_000_e_0001029_20230810.pdf|1||Portavoz de la Comisión de Industria y Turismo|6
258|000347/000347_000_e_0001598_20230906.pdf|1||Vicepresidente Segundo de la Comisión de Cultura|1
259|000250/000250_000_e_0001053_20230811.pdf|1||Presidente de la Comisión de Peticiones|1
260|000252/000252_000_e_0001058_20230811.pdf|1||Secretario Segundo de la Comisión de Derechos Sociales y Consumo|1
262|000248/000248_000_e_0001042_20230811.pdf|1|Portavoz adjunta de la Junta de Portavoces|Portavoz de la Comisión de Vivienda y Agenda Urbana|3
263|000251/000251_000_e_0001054_20230811.pdf|1||Portavoz de la Comisión Mixta de Control Parlamentario de la Corporación RTVE y sus Sociedades|1
264|000253/000253_001_e_0077236_20250805.pdf|2||Portavoz de la Comisión de Transportes y Movilidad Sostenible|2
266|000254/000254_000_e_0001067_20230811.pdf|1||Vicepresidente Segundo de la Comisión de Interior|2
268|000260/000260_000_e_0001090_20230814.pdf|1||Portavoz de la Comisión de Ciencia, Innovación y Universidades|5
269|000257/000257_000_e_0001081_20230814.pdf|1||Vicepresidente Segundo de la Comisión de Defensa|3
270|000258/000258_000_e_0001085_20230814.pdf|1||Vicepresidente Segundo de la Comisión de Igualdad|1
271|000259/000259_000_e_0001087_20230814.pdf|1||Presidenta de la Comisión de Transición Ecológica y Reto Demográfico|1
272|000262/000262_000_e_0001098_20230814.pdf|1||Presidenta de la Comisión de seguimiento y evaluación de los acuerdos del Pacto de Estado en materia de Violencia de Género|1
273|000261/000261_001_e_0002978_20231023.pdf|2||Vicepresidente Primero de la Comisión de Juventud e Infancia|2
276|000270/000270_000_e_0001130_20230814.pdf|1||Portavoz de la Comisión de Transición Ecológica y Reto Demográfico|1
277|000269/000269_000_e_0001126_20230814.pdf|1||Portavoz de la Comisión de Transportes y Movilidad Sostenible|1
281|000272/000272_000_e_0001148_20230814.pdf|1||Vicepresidenta Primera de la Comisión Mixta para el Estudio de los Problemas de las Adicciones|1
282|000273/000273_000_e_0001155_20230814.pdf|1||Portavoz de la Comisión Mixta de Control Parlamentario de la Corporación RTVE y sus Sociedades|2
283|000274/000274_000_e_0001162_20230814.pdf|1|Portavoz adjunta de la Junta de Portavoces||0
284|000278/000278_000_e_0001171_20230814.pdf|1||Portavoz de la Comisión de Trabajo, Economía Social, Inclusión, Seguridad Social y Migraciones|6
287|000282/000282_000_e_0001187_20230814.pdf|1|Portavoz adjunto de la Junta de Portavoces|Portavoz de la Comisión de Hacienda y Función Pública|7
288|000283/000283_000_e_0001188_20230814.pdf|1|Portavoz adjunta de la Junta de Portavoces|Portavoz de la Comisión de Derechos Sociales y Consumo|6
290|000280/000280_000_e_0001180_20230814.pdf|1||Portavoz de la Comisión de Asuntos Exteriores|7
291|000284/000284_000_e_0001190_20230814.pdf|1||Portavoz de la Comisión de Educación, Formación Profesional y Deportes|4
292|000279/000279_000_e_0001174_20230814.pdf|1||Portavoz de la Comisión de Asuntos Exteriores|4
293|000277/000277_001_e_0046638_20241030.pdf|3||Portavoz de la Comisión de Transportes y Movilidad Sostenible|6
294|000287/000287_000_e_0001201_20230814.pdf|1||Portavoz de la Comisión de Agricultura, Pesca y Alimentación|5
296|000281/000281_000_e_0001182_20230814.pdf|1||Presidente de la Comisión de Hacienda y Función Pública|1
297|000291/000291_001_e_0048419_20241113.pdf|2||Presidente de la Comisión Mixta de Relaciones con el Defensor del Pueblo|1
298|000285/000285_000_e_0001194_20230814.pdf|1||Secretario Segundo de la Comisión de Agricultura, Pesca y Alimentación|1
299|000288/000288_000_e_0001205_20230814.pdf|1||Vicepresidente Segundo de la Comisión de Cooperación Internacional para el Desarrollo|2
300|000286/000286_001_e_0001422_20230816.pdf|2|Portavoz Titular de la Junta de Portavoces|Portavoz de la Comisión Constitucional|4
303|000297/000297_001_e_0074574_20250626.pdf|2|Portavoz Titular de la Junta de Portavoces|Portavoz de la Comisión de Asuntos Exteriores|5
305|000296/000296_000_e_0001239_20230816.pdf|1||Presidente de la Comisión de Agricultura, Pesca y Alimentación|6
306|000345/000345_000_e_0001476_20230818.pdf|1|Portavoz adjunto de la Junta de Portavoces|Portavoz de la Comisión Constitucional|9
307|000295/000295_000_e_0001238_20230816.pdf|1||Portavoz de la Comisión de Igualdad|2
309|000298/000298_000_e_0001246_20230816.pdf|1|Portavoz adjunta de la Junta de Portavoces|Presidenta de la Comisión de Investigación de la interrupción del suministro eléctrico el 28 de abril de 2025|8
310|000303/000303_000_e_0001269_20230816.pdf|1|Portavoz Titular de la Junta de Portavoces|Vicepresidenta Primera de la Comisión de Justicia|2
311|000304/000304_000_e_0001270_20230816.pdf|1||Presidente de la Comisión de Sanidad|3
312|000299/000299_001_e_0096087_20260128.pdf|2|Portavoz Titular de la Junta de Portavoces|Portavoz de la Comisión Constitucional|4
314|000301/000301_000_e_0001257_20230816.pdf|1||Vicepresidenta Segunda de la Comisión Constitucional|1
315|000311/000311_000_e_0001306_20230816.pdf|1|Portavoz adjunta de la Junta de Portavoces|Portavoz de la Comisión Constitucional|1
316|000349/000349_000_e_0001697_20230914.pdf|1||Portavoz de la Comisión de Defensa|3
317|000316/000316_001_e_0001872_20230921.pdf|2|||0
318|000305/000305_000_e_0001271_20230816.pdf|1||Portavoz de la Comisión de Educación, Formación Profesional y Deportes|3
319|000306/000306_000_e_0001289_20230816.pdf|1||Portavoz de la Comisión de Cultura|2
320|000310/000310_000_e_0001296_20230816.pdf|1||Portavoz de la Comisión Mixta para la Unión Europea|1
321|000315/000315_000_e_0001321_20230816.pdf|1||Portavoz de la Comisión de Derechos Sociales y Consumo|1
323|000308/000308_000_e_0001293_20230816.pdf|1||Portavoz de la Comisión de seguimiento y evaluación de los acuerdos del Pacto de Toledo|3
324|000314/000314_000_e_0001314_20230816.pdf|1||Presidente de la Comisión del Estatuto|2
325|000309/000309_001_e_0050658_20241204.pdf|2|||0
327|000313/000313_000_e_0001313_20230816.pdf|1|Portavoz adjunta de la Junta de Portavoces|Presidenta de la Comisión de Trabajo, Economía Social, Inclusión, Seguridad Social y Migraciones|4
328|000318/000318_000_e_0001338_20230816.pdf|1|Secretario Primero de la Mesa del Congreso|Presidente de la Comisión de Cultura|7
329|000322/000322_000_e_0001352_20230816.pdf|1||Vicepresidente Primero de la Comisión de Política Territorial|4
331|000351/000351_000_e_0001785_20230919.pdf|1||Portavoz de la Comisión de Transportes y Movilidad Sostenible|6
332|000325/000325_001_e_0001689_20230913.pdf|2||Portavoz de la Comisión de Derechos Sociales y Consumo|5
334|000319/000319_000_e_0001347_20230816.pdf|1||Vicepresidenta Segunda de la Comisión de Juventud e Infancia|1
338|000329/000329_000_e_0001380_20230816.pdf|1||Portavoz de la Comisión de Vivienda y Agenda Urbana|5
339|000328/000328_001_e_0125395_20260908.pdf|2||Portavoz de la Comisión de Economía, Comercio y Transformación Digital|2
340|000321/000321_000_e_0001350_20230816.pdf|1||Vicepresidenta Segunda de la Comisión de Industria y Turismo|2
341|000331/000331_000_e_0001386_20230816.pdf|1||Vicepresidenta Primera de la Comisión Mixta para la Unión Europea|2
342|000324/000324_000_e_0001361_20230816.pdf|1|||0
344|000337/000337_000_e_0001408_20230816.pdf|1|Portavoz Titular de la Junta de Portavoces||0
345|000336/000336_000_e_0001402_20230816.pdf|1|Portavoz adjunto de la Junta de Portavoces|Portavoz de la Comisión de Vivienda y Agenda Urbana|4
346|000332/000332_000_e_0001389_20230816.pdf|1|||0
347|000334/000334_000_e_0001397_20230816.pdf|1||Vicepresidenta Segunda de la Comisión para la auditoría de la calidad democrática, la lucha contra la corrupción y las reformas institucionales y legales|1
348|000341/000341_000_e_0001417_20230816.pdf|1||Portavoz de la Comisión para la auditoría de la calidad democrática, la lucha contra la corrupción y las reformas institucionales y legales|2
349|000340/000340_000_e_0001415_20230816.pdf|1||Presidente de la Comisión de Defensa|2
350|000342/000342_000_e_0001420_20230816.pdf|1||Presidente de la Comisión Mixta para el Estudio de los Problemas de las Adicciones|1
351|000352/000352_000_e_0002620_20231017.pdf|1||Portavoz de la Comisión de Industria y Turismo|1
352|000350/000350_000_e_0001781_20230919.pdf|1||Portavoz de la Comisión de Vivienda y Agenda Urbana|1
353|000353/000353_001_e_0120996_20260625.pdf|3||Vicepresidente Primero de la Comisión de Cultura|2
354|000354/000354_001_e_0115059_20260519.pdf|2||Vicepresidente Primero de la Comisión de Industria y Turismo|3
355|000355/000355_000_e_0005732_20231205.pdf|1||Portavoz de la Comisión de Vivienda y Agenda Urbana|2
357|000359/000359_000_e_0006621_20231219.pdf|1||Portavoz adjunto de la Comisión de Educación, Formación Profesional y Deportes|3
358|000365/000365_000_e_0006665_20231220.pdf|1||Vicepresidenta Segunda de la Comisión Mixta para el Estudio de los Problemas de las Adicciones|1
359|000362/000362_000_e_0006659_20231220.pdf|1||Portavoz adjunta de la Comisión de Juventud e Infancia|1
361|000363/000363_000_e_0006661_20231220.pdf|1||Portavoz de la Comisión de Asuntos Exteriores|2
362|000358/000358_001_e_0041818_20240925.pdf|2||Portavoz de la Comisión Mixta de Seguridad Nacional|1
363|000361/000361_001_e_0088688_20251112.pdf|2||Portavoz de la Comisión de Trabajo, Economía Social, Inclusión, Seguridad Social y Migraciones|2
364|000360/000360_000_e_0006623_20231219.pdf|1||Portavoz de la Comisión de Juventud e Infancia|1
365|000364/000364_000_e_0006663_20231220.pdf|1||Portavoz adjunta de la Comisión de Industria y Turismo|1
366|000356/000356_000_e_0006531_20231219.pdf|1||Secretario Primero de la Comisión de Política Territorial|2
367|000357/000357_000_e_0006617_20231219.pdf|1||Portavoz de la Comisión de Juventud e Infancia|2
368|000370/000370_000_e_0008500_20240118.pdf|1||Secretaria Segunda de la Comisión de Ciencia, Innovación y Universidades|2
369|000368/000368_000_e_0007832_20240109.pdf|1||Portavoz de la Comisión Mixta para las Relaciones con el Tribunal de Cuentas|1
370|000369/000369_000_e_0008387_20240116.pdf|1||Portavoz de la Comisión de Ciencia, Innovación y Universidades|1
371|000371/000371_000_e_0008921_20240123.pdf|1||Portavoz de la Comisión de seguimiento y evaluación de los acuerdos del Pacto de Estado en materia de Violencia de Género|2
372|000372/000372_000_e_0009914_20240130.pdf|1||Portavoz adjunta de la Comisión de Hacienda y Función Pública|3
373|000373/000373_001_e_0089577_20251119.pdf|2||Vicepresidente Segundo de la Comisión de Hacienda y Función Pública|2
374|000375/000375_000_e_0010821_20240207.pdf|1||Presidenta de la Comisión Mixta de Seguridad Nacional|1
375|000374/000374_000_e_0010624_20240206.pdf|1||Portavoz de la Comisión de Industria y Turismo|4
376|000376/000376_001_e_0053187_20241230.pdf|2||Vicepresidenta Primera de la Comisión para las Políticas Integrales de la Discapacidad|2
377|000377/000377_000_e_0016001_20240312.pdf|1||Portavoz de la Comisión de Agricultura, Pesca y Alimentación|1
378|000379/000379_000_e_0020418_20240410.pdf|1||Vicepresidente Primero de la Comisión Mixta para la Coordinación y Seguimiento de la Estrategia Española para alcanzar los Objetivos de Desarrollo Sostenible (ODS)|1
380|000380/000380_000_e_0022508_20240423.pdf|1||Vicepresidenta de la Comisión del Estatuto|2
381|000381/000381_000_e_0029253_20240611.pdf|1||Presidente de la Comisión de Educación, Formación Profesional y Deportes|2
382|000383/000383_001_e_0076475_20250722.pdf|2||Secretario Segundo de la Comisión de Trabajo, Economía Social, Inclusión, Seguridad Social y Migraciones|2
383|000382/000382_000_e_0030900_20240618.pdf|1||Portavoz adjunta de la Comisión sobre Seguridad Vial|1
384|000384/000384_001_e_0099341_20260213.pdf|2||Secretaria Primera de la Comisión de Sanidad|3
385|000385/000385_000_e_0033920_20240711.pdf|1||Portavoz adjunta de la Comisión de Industria y Turismo|1
386|000386/000386_000_e_0034512_20240722.pdf|1||Secretaria Primera de la Comisión de seguimiento y evaluación de los acuerdos del Pacto de Estado en materia de Violencia de Género|2
387|000388/000388_000_e_0038092_20240916.pdf|1||Portavoz adjunto de la Comisión sobre Seguridad Vial|1
388|000387/000387_000_e_0037563_20240910.pdf|1||Portavoz de la Comisión de Política Territorial|1
389|000392/000392_000_e_0051602_20241212.pdf|1||Portavoz de la Comisión Constitucional|6
390|000389/000389_000_e_0038930_20240919.pdf|1||Portavoz de la Comisión Mixta para la Unión Europea|1
391|000410/000410_000_e_0124307_20260827.pdf|1||Portavoz adjunta de la Comisión de Agricultura, Pesca y Alimentación|1
392|000395/000395_000_e_0056607_20250214.pdf|1||Portavoz de la Comisión de Educación, Formación Profesional y Deportes|7
393|000390/000390_001_e_0058459_20250227.pdf|2||Presidenta de la Comisión de Derechos Sociales y Consumo|2
394|000391/000391_000_e_0051010_20241210.pdf|1||Portavoz adjunto de la Comisión de Agricultura, Pesca y Alimentación|1
395|000393/000393_001_e_0110831_20260415.pdf|2||Secretario Segundo de la Comisión sobre Seguridad Vial|1
396|000394/000394_000_e_0056886_20250218.pdf|1||Vicepresidente Primero de la Comisión de Trabajo, Economía Social, Inclusión, Seguridad Social y Migraciones|2
397|000396/000396_000_e_0057138_20250219.pdf|1||Vicepresidenta Primera de la Comisión de Educación, Formación Profesional y Deportes|5
398|000398/000398_000_e_0069775_20250527.pdf|1||Portavoz de la Comisión de Transportes y Movilidad Sostenible|7
399|000397/000397_000_e_0067526_20250508.pdf|1||Portavoz de la Comisión de Transportes y Movilidad Sostenible|7
400|000399/000399_000_e_0072247_20250611.pdf|1||Portavoz adjunto de la Comisión de Juventud e Infancia|1
401|000400/000400_000_e_0073474_20250619.pdf|1||Portavoz de la Comisión de Agricultura, Pesca y Alimentación|1
402|000404/000404_000_e_0092588_20251211.pdf|1||Vicepresidente Primero de la Comisión Mixta sobre Insularidad|1
403|000401/000401_000_e_0077117_20250801.pdf|1||Portavoz de la Comisión de Economía, Comercio y Transformación Digital|1
404|000403/000403_000_e_0079968_20250916.pdf|1||Vicepresidenta Segunda de la Comisión de Investigación de la interrupción del suministro eléctrico el 28 de abril de 2025|1
405|000402/000402_000_e_0078912_20250909.pdf|1||Portavoz adjunta de la Comisión de Política Territorial|1
406|000405/000405_000_e_0096089_20260128.pdf|1||Portavoz adjunto de la Comisión de Presupuestos|1
407|000406/000406_000_e_0097697_20260205.pdf|1||Portavoz adjunta de la Comisión de Igualdad|1
408|000407/000407_000_e_0101047_20260220.pdf|1||Portavoz de la Comisión de Educación, Formación Profesional y Deportes|4
409|000408/000408_000_e_0118377_20260609.pdf|1||Portavoz adjunta de la Comisión de seguimiento y evaluación de los acuerdos del Pacto de Toledo|1
410|000409/000409_000_e_0118719_20260611.pdf|1||Portavoz adjunta de la Comisión de Economía, Comercio y Transformación Digital|1
411||0|||0
412|000411/000411_000_e_0126956_20260917.pdf|1||Portavoz adjunto de la Comisión de Ciencia, Innovación y Universidades|1
