5|000005/000005_000_e_0000019_20230801.pdf
10|000009/000009_000_e_0000038_20230801.pdf
11|000010/000010_000_e_0000042_20230801.pdf
24|000019/000019_000_e_0000084_20230802.pdf
26|000338/000338_000_e_0001409_20230816.pdf
28|000333/000333_000_e_0001395_20230816.pdf
30|000029/000029_000_e_0000131_20230802.pdf
38|000033/000033_000_e_0000153_20230802.pdf
40|000237/000237_000_e_0001001_20230810.pdf
50|000040/000040_000_e_0000181_20230802.pdf
63|000056/000056_000_e_0000241_20230803.pdf
74|000084/000084_000_e_0000360_20230803.pdf
82|000076/000076_000_e_0000333_20230803.pdf
85|000077/000077_000_e_0000339_20230803.pdf
88|000070/000070_000_e_0000316_20230803.pdf
89|000071/000071_001_e_0038528_20240917.pdf,000071/000071_000_e_0000320_20230803.pdf
90|000074/000074_000_e_0000328_20230803.pdf
94|000088/000088_000_e_0000379_20230803.pdf
98|000089/000089_000_e_0000381_20230803.pdf
100|000087/000087_000_e_0000374_20230803.pdf
109|000103/000103_000_e_0000436_20230804.pdf
118|000109/000109_000_e_0000464_20230804.pdf
119|000111/000111_000_e_0000471_20230804.pdf
120|000344/000344_000_e_0001454_20230817.pdf
130|000122/000122_001_e_0076755_20250728.pdf,000122/000122_000_e_0000521_20230807.pdf
133|000125/000125_000_e_0000543_20230807.pdf
134|000124/000124_000_e_0000540_20230807.pdf
136|000132/000132_001_e_0027319_20240529.pdf,000132/000132_000_e_0000562_20230807.pdf
140|000126/000126_000_e_0000544_20230807.pdf
145|000136/000136_001_e_0034590_20240724.pdf,000136/000136_000_e_0000587_20230808.pdf
148|000138/000138_000_e_0000593_20230808.pdf
149|000139/000139_001_e_0026617_20240523.pdf,000139/000139_000_e_0000595_20230808.pdf
150|000142/000142_000_e_0000610_20230808.pdf
154|000149/000149_000_e_0000645_20230808.pdf
163|000146/000146_000_e_0000633_20230808.pdf
168|000154/000154_000_e_0000667_20230808.pdf
171|000159/000159_000_e_0000681_20230808.pdf
175|000167/000167_001_e_0038997_20240920.pdf,000167/000167_000_e_0000709_20230808.pdf
180|000171/000171_000_e_0000727_20230808.pdf
181|000172/000172_000_e_0000732_20230809.pdf
185|000179/000179_000_e_0000765_20230809.pdf
193|000186/000186_000_e_0000798_20230809.pdf
195|000182/000182_001_e_0042408_20241002.pdf,000182/000182_000_e_0000776_20230809.pdf
199|000192/000192_000_e_0000826_20230809.pdf
212|000202/000202_000_e_0000859_20230809.pdf
216|000203/000203_000_e_0000864_20230809.pdf
229|000215/000215_000_e_0000911_20230810.pdf
246|000235/000235_000_e_0000998_20230810.pdf
249|000241/000241_000_e_0001014_20230810.pdf
255|000244/000244_000_e_0001023_20230810.pdf
264|000253/000253_000_e_0001061_20230811.pdf
273|000261/000261_000_e_0001096_20230814.pdf
293|000277/000277_001_e_0042121_20240927.pdf,000277/000277_000_e_0001169_20230814.pdf
297|000291/000291_000_e_0001212_20230814.pdf
300|000286/000286_000_e_0001200_20230814.pdf
303|000297/000297_000_e_0001240_20230816.pdf
312|000299/000299_000_e_0001249_20230816.pdf
317|000316/000316_000_e_0001326_20230816.pdf
325|000309/000309_000_e_0001294_20230816.pdf
332|000325/000325_000_e_0001363_20230816.pdf
339|000328/000328_000_e_0001376_20230816.pdf
353|000353/000353_001_e_0054218_20250122.pdf,000353/000353_000_e_0004931_20231128.pdf
354|000354/000354_000_e_0004933_20231128.pdf
362|000358/000358_000_e_0006619_20231219.pdf
363|000361/000361_000_e_0006625_20231219.pdf
373|000373/000373_000_e_0010136_20240131.pdf
376|000376/000376_000_e_0012168_20240220.pdf
382|000383/000383_000_e_0031711_20240625.pdf
384|000384/000384_000_e_0031941_20240626.pdf
393|000390/000390_000_e_0047082_20241105.pdf
395|000393/000393_000_e_0053437_20250109.pdf
